,s{R[h,s{,s撬R[h,s撬,厚ڃR[h,厚ږ,ܓx,ox,TR[h,厚EEڋ敪R[h,dist_oho,dist_sakura,dist_yatabe,dist_hall,drive_dist_oho,drive_time_oho,drive_dist_sakura,drive_time_sakura,drive_dist_yatabe,drive_time_yatabe,drive_dist_hall,drive_time_hall
0,8,錧,8220,Ύs,82200001000,Ԓ,36.042677,140.12315,0,1,11.087946573888523,5.847745192468606,4.418145750373638,6.178853951598916,12.43,21.883333333333333,7.502,15.516666666666667,4.82,10.266666666666667,8.073,17.116666666666667
1,8,錧,8220,Ύs,82200002000,,36.182065,140.053737,0,1,5.631337776844596,11.76459402145352,16.192805014757038,11.11395682378865,7.153,11.7,14.151,24.0,18.981,28.766666666666666,14.317,23.45
2,8,錧,8220,Ύs,82200003000,,36.11289,140.072495,0,1,2.825992289765904,5.425518284152419,8.409803526482492,3.2662495746132847,4.206,7.95,7.632,15.2,9.775,17.35,5.085,12.416666666666666
3,8,錧,8220,Ύs,82200004000,H,36.167751,140.016345,0,1,6.865234812263284,12.924460220600087,15.415236546722433,10.798467657757794,8.77,15.733333333333333,17.174,29.283333333333335,18.513,28.733333333333334,14.272,24.55
4,8,錧,8220,Ύs,82200005000,і,35.960604,140.112185,0,1,19.755827208653418,15.007028635146286,9.141175520778074,14.022945908915728,23.075,37.733333333333334,25.402,33.61666666666667,11.672,18.683333333333334,16.898,28.483333333333334
5,8,錧,8220,Ύs,82200006001,Ȉ꒚,36.081534,140.112938,0,3,6.736734880015049,2.0737929211642756,6.018071422284378,3.2715929557860988,7.76,14.433333333333334,2.832,7.733333333333333,6.739,14.116666666666667,4.262,11.066666666666666
6,8,錧,8220,Ύs,82200006002,ȓ񒚖,36.084425,140.111144,0,3,6.377997987723991,1.9786639796528604,6.19606778822395,3.102670981354595,7.284,13.75,3.028,7.55,7.105,15.933333333333334,3.655,9.733333333333333
7,8,錧,8220,Ύs,82200006003,ȎO,36.088898,140.11092,0,3,5.9185134647557565,1.7435229563177879,6.611740893850422,3.135702741874021,6.557,12.2,2.752,7.716666666666667,7.688,16.65,3.501,9.55
8,8,錧,8220,Ύs,82200006004,Ȏl,36.087219,140.118261,0,3,6.392647329564329,1.288078566001344,6.809877649145746,3.7632927081336645,6.773,12.4,1.716,4.45,7.981,16.65,4.416,11.25
9,8,錧,8220,Ύs,82200007001,Vvۈ꒚,36.091901,140.108708,0,3,5.532076573077385,1.8335503455235376,6.811053197959057,3.0237658189617798,6.544,12.083333333333334,2.906,7.65,7.7,16.7,3.513,9.6
10,8,錧,8220,Ύs,82200007002,Vvۓ񒚖,36.094745,140.104175,0,3,5.078230734451919,2.2056458246850497,6.92702332791531,2.762905519353543,6.063,13.05,3.684,10.766666666666667,8.478,19.816666666666666,4.292,12.716666666666667
11,8,錧,8220,Ύs,82200007003,VvێO,36.103717,140.10429,0,3,4.180983592513195,2.3899774787057537,7.8588015617446905,3.3355518626378924,4.874,9.733333333333333,4.393,10.033333333333333,10.706,20.183333333333334,5.012,11.6
12,8,錧,8220,Ύs,82200007004,Vvێl,36.103624,140.111301,0,3,4.51945887615506,1.822100852598879,8.086110925772509,3.8229952658952295,5.077,10.466666666666667,3.072,6.666666666666667,10.097,21.383333333333333,5.91,14.283333333333333
13,8,錧,8220,Ύs,82200008000,V,35.985052,140.124714,0,1,17.28437812400152,12.225835578824093,7.333756140413614,11.765129109960633,20.07,35.083333333333336,15.576,28.866666666666667,8.668,15.9,13.893,25.833333333333332
14,8,錧,8220,Ύs,82200009000,V,36.059403,140.086622,0,1,8.619707277815754,5.4868574648802095,2.699447121820441,2.835124116471368,10.223,18.866666666666667,6.41,15.033333333333333,3.531,7.6,4.046,9.383333333333333
15,8,錧,8220,Ύs,82200010000,Vqc,36.031645,140.129776,0,1,12.441488899385341,7.051455824408005,5.0093017536300435,7.494183934875557,14.014,24.816666666666666,9.085,18.45,6.053,12.8,9.657,20.033333333333335
16,8,錧,8220,Ύs,82200011000,ѓc,36.016965,140.069078,0,1,13.376025924803379,10.205673944205797,2.2909974068177896,7.431605317600625,15.68,27.8,11.929,26.316666666666666,2.93,5.9,8.641,16.55
17,8,錧,8220,Ύs,82200012000,rc,36.191986,140.064902,0,1,6.303064177610302,12.177619881630903,17.206480620808,12.067650713418331,6.893,10.616666666666667,13.89,22.9,21.31,31.566666666666666,13.937,23.683333333333334
18,8,錧,8220,Ύs,82200013000,ȓ,36.017253,140.122185,0,1,13.759987133942792,8.667331183009232,4.821911183051249,8.430595813984493,16.322,29.566666666666666,12.163,23.883333333333333,6.435,13.233333333333333,10.657,20.9
19,8,錧,8220,Ύs,82200014000,r,36.017946,140.133099,0,1,13.974422683947543,8.58009640130305,5.685302595995094,8.886738030896788,16.341,28.15,11.413,21.783333333333335,6.838,13.583333333333334,12.828,18.616666666666667
20,8,錧,8220,Ύs,82200015000,,36.172852,140.082083,0,1,3.9767371162729153,9.583438305761344,15.076188499467673,9.909427940264557,4.741,8.216666666666667,11.739,20.516666666666666,17.479,29.866666666666667,11.786,21.283333333333335
21,8,錧,8220,Ύs,82200016000,镔,36.189798,140.05473,0,1,6.369529983035462,12.429152687067148,17.03574026873522,11.942966041826924,8.106,12.533333333333333,15.104,24.833333333333332,19.885,30.166666666666668,15.221,24.85
22,8,錧,8220,Ύs,82200017000,sV,36.023004,140.130986,0,1,13.38175726135696,8.012280118625078,5.317535284349158,8.31896967731547,16.105,27.333333333333332,11.176,20.966666666666665,6.137,11.85,12.379,17.466666666666665
23,8,錧,8220,Ύs,82200018000,,36.032921,140.13788,0,1,12.579389398102798,6.958896570460363,5.721660218941275,7.878034246056781,14.404,24.916666666666668,9.476,18.55,7.026,13.5,11.9,16.883333333333333
24,8,錧,8220,Ύs,82200019000,׌,36.00894,140.110738,0,1,14.436267714912063,9.705376293093087,4.514881341322999,8.839101786280626,16.36,28.616666666666667,13.849,26.666666666666668,4.957,9.416666666666666,10.183,19.366666666666667
25,8,錧,8220,Ύs,82200020000,בO,36.049818,140.127509,0,1,10.488324094189759,5.035338094397115,4.971387027184496,5.919393654698164,12.109,22.1,7.18,15.75,5.317,11.783333333333333,7.752,17.333333333333332
26,8,錧,8220,Ύs,82200021000,,36.035036,140.091431,0,1,11.343887164363121,7.469816885777178,1.5339934335386614,5.55524954090415,13.204,25.55,9.519,21.933333333333334,2.171,7.016666666666667,7.027,16.3
27,8,錧,8220,Ύs,82200022000,,36.122246,140.039561,0,1,4.2027835302815015,8.565951082163334,9.959234102221327,5.433898697228684,5.641,10.05,11.279,20.016666666666666,11.787,18.75,7.767,13.8
28,8,錧,8220,Ύs,82200023000,,36.119687,140.12431,0,1,4.221968012548791,2.74652059357119,10.197319284784907,5.8617064392456175,6.776,11.566666666666666,4.155,8.483333333333333,12.825,25.65,7.757,18.066666666666666
29,8,錧,8220,Ύs,82200024000,m,36.081127,140.138138,0,1,7.968980748689428,1.7784217355953325,7.524093137875647,5.539994635806533,9.678,17.416666666666668,2.765,6.816666666666666,9.879,20.066666666666666,7.321,16.266666666666666
30,8,錧,8220,Ύs,82200025000,P,36.204457,140.107,0,1,7.799971679934386,12.280386391236394,18.795759043542436,13.678993130846612,10.097,20.666666666666668,16.389,28.766666666666666,22.674,41.96666666666667,16.98,33.4
31,8,錧,8220,Ύs,82200026000,~Pu,35.986514,140.091882,0,1,16.720773114694637,12.505650962797851,5.827052831048586,10.864936699037479,18.422,31.216666666666665,20.75,27.1,7.019,12.166666666666666,12.245,21.966666666666665
32,8,錧,8220,Ύs,82200027001,~꒚,36.061641,140.137532,0,3,9.719032980751106,3.80718448435136,6.289366317407485,5.998758886915756,10.101,19.433333333333334,5.15,12.35,7.527,16.733333333333334,7.766,18.133333333333333
33,8,錧,8220,Ύs,82200027002,~񒚖,36.056318,140.13875,0,3,10.285328361209388,4.407733813478201,6.160325229524292,6.358904659617156,11.17,21.133333333333333,6.031,13.466666666666667,6.733,14.766666666666667,8.835,19.833333333333332
34,8,錧,8220,Ύs,82200028000,,36.187384,140.085483,0,1,5.59522370306308,10.943464276321368,16.70239049285612,11.537179126274372,7.729,12.966666666666667,14.328,23.266666666666666,20.467,34.6,14.773,26.033333333333335
35,8,錧,8220,Ύs,82200029000,|,36.041999,140.105385,0,1,10.741696776831466,6.263281509520036,2.8263123073564604,5.294992374942394,12.739,22.816666666666666,8.696,17.333333333333332,2.874,6.733333333333333,7.068,14.35
36,8,錧,8220,Ύs,82200030000,,36.099635,140.150504,0,1,7.390983469196712,2.027968858363106,9.740211068625316,6.8784467084615235,8.616,16.366666666666667,3.524,7.85,10.868,21.733333333333334,7.818,17.9
37,8,錧,8220,Ύs,82200031000,,36.011587,140.138101,0,1,14.789673619624907,9.31527774027566,6.386111884647737,9.723501165709342,16.963,28.583333333333332,12.034,22.216666666666665,7.749,14.85,14.114,20.633333333333333
38,8,錧,8220,Ύs,82200032000,`,36.146776,140.133633,0,1,4.723020946574685,5.74174456400794,13.278312476523713,8.678941015269048,5.666,9.85,9.133,15.333333333333334,27.666,28.416666666666668,12.548,22.566666666666666
39,8,錧,8220,Ύs,82200033000,v,36.149805,140.043234,0,1,3.8128087899883067,9.791407527524795,12.818975647401299,7.934886976118857,4.839,9.716666666666667,12.096,22.2,15.005,23.816666666666666,10.341,18.483333333333334
40,8,錧,8220,Ύs,82200034000,唒,36.051452,140.069942,0,1,9.561865927502117,7.178380358256344,1.6450133685260915,3.6246939387967623,11.516,21.733333333333334,8.61,20.383333333333333,2.218,4.833333333333333,4.477,10.483333333333333
41,8,錧,8220,Ύs,82200035000,卻,36.146874,140.034689,0,1,4.444707163832563,10.220651756176208,12.698008507864747,7.970138283039524,5.184,10.4,12.786,24.3,14.944,23.416666666666668,10.686,19.216666666666665
42,8,錧,8220,Ύs,82200036000,],36.136347,140.092067,0,1,0.859404661641022,5.6313844474499435,11.122243953844054,6.008242937966515,1.122,3.8833333333333333,6.345,12.866666666666667,14.304,26.966666666666665,8.61,18.383333333333333
43,8,錧,8220,Ύs,82200037000,,36.194231,140.075738,0,1,6.378331312543083,11.9777219578116,17.433704298832126,12.270189600741043,8.318,13.9,15.59,25.483333333333334,21.055,35.53333333333333,15.362,26.966666666666665
44,8,錧,8220,Ύs,82200038000,M,35.966278,140.098,0,1,18.996049764242773,14.568292623600161,8.138495202119438,13.164526115333393,20.919,34.03333333333333,23.247,29.9,9.517,14.966666666666667,14.742,24.783333333333335
45,8,錧,8220,Ύs,82200039000,,36.146503,140.074179,0,1,1.2948226962946399,7.515209604075018,12.137463628664063,6.977595234984359,2.301,6.15,9.299,18.45,15.038,27.783333333333335,9.345,19.216666666666665
46,8,錧,8220,Ύs,82200040000,킵,36.05396,140.091852,0,1,9.253833391900299,5.6499154573908354,2.430622265622249,3.5660168884727446,11.449,22.433333333333334,6.942,16.916666666666668,3.526,9.083333333333334,5.272,13.183333333333334
47,8,錧,8220,Ύs,82200041000,Vc,36.09074,140.123329,0,1,6.312098528781902,0.688602281530338,7.3939340148344606,4.271797429906427,7.042,12.716666666666667,1.611,4.433333333333334,8.622,18.366666666666667,4.704,11.633333333333333
48,8,錧,8220,Ύs,82200042000,s,35.991916,140.114793,0,1,16.360110630495154,11.526982761918429,6.187242013191215,10.742187744461464,18.446,31.483333333333334,14.76,26.4,7.043,12.3,12.269,22.233333333333334
49,8,錧,8220,Ύs,82200043000,,36.138378,140.05067,0,1,2.873799053704264,8.501160635301375,11.440744748790934,6.509190208635692,2.999,5.966666666666667,10.601,19.883333333333333,13.383,22.616666666666667,9.452,16.45
50,8,錧,8220,Ύs,82200044000,,36.183714,140.080686,0,1,5.184510224171745,10.730143677634112,16.275627700266412,11.10865500438872,6.877,11.3,13.987,22.866666666666667,19.615,32.93333333333333,13.922,24.366666666666667
51,8,錧,8220,Ύs,82200045000,c,36.15457,140.114996,0,1,3.5097994664075727,6.7029531318109,13.530637060625532,8.59082918125325,5.437,9.916666666666666,8.904,15.266666666666667,18.013,31.216666666666665,12.319,22.65
52,8,錧,8220,Ύs,82200046000,SPE,36.083191,140.050172,0,1,6.6460972750850065,7.193131637466368,5.565987822065426,2.3907016395205276,8.704,15.65,10.456,21.266666666666666,7.328,13.766666666666667,3.359,7.75
53,8,錧,8220,Ύs,82200047000,,36.050919,140.117842,0,1,10.067995135788408,5.007848904313039,4.18644677362665,5.188834548160033,11.68,21.133333333333333,6.751,14.766666666666667,5.316,11.8,7.322,16.35
54,8,錧,8220,Ύs,82200048000,,36.071301,140.109359,0,1,7.680797250289653,3.1697993159989286,4.91858039322897,3.2446636860830917,9.329,17.866666666666667,4.892,12.3,6.776,14.683333333333334,4.991,12.683333333333334
55,8,錧,8220,Ύs,82200049000,ʖ,36.076354,140.068039,0,1,6.856754491737944,5.8462593108791125,4.393593633782754,1.125095164195435,9.855,17.25,7.271,15.883333333333333,5.149,8.55,1.666,4.6
56,8,錧,8220,Ύs,82200050001,w̐X꒚,36.095213,140.07411,0,3,4.700321838638965,4.912601712306967,6.446354763141567,1.3038565906245967,6.197,12.433333333333334,7.199,17.05,7.348,15.35,1.816,6.4
57,8,錧,8220,Ύs,82200050002,w̐X񒚖,36.094974,140.078856,0,3,4.676816679687458,4.485268618722294,6.431099651852,1.2709498126881018,5.714,10.066666666666666,6.917,15.133333333333333,7.12,13.683333333333334,1.671,4.766666666666667
58,8,錧,8220,Ύs,82200050003,w̐XO,36.096774,140.083526,0,3,4.466074909812908,4.068409108789551,6.668030509889523,1.5800400476616943,5.411,10.083333333333334,5.989,14.25,8.237,15.933333333333334,2.543,7.366666666666666
59,8,錧,8220,Ύs,82200051001,w꒚,36.078641,140.076187,0,3,6.502592242070565,5.070177273275712,4.609568870176017,0.558148958270691,7.848,15.783333333333333,7.564,17.016666666666666,5.443,9.533333333333333,0.736,2.5
60,8,錧,8220,Ύs,82200051002,w񒚖,36.07891,140.082202,0,3,6.447497180178053,4.557502685971169,4.687466610772456,0.7223553081026362,7.719,14.683333333333334,5.793,15.216666666666667,5.726,10.466666666666667,1.227,4.283333333333333
61,8,錧,8220,Ύs,82200051003,wO,36.077563,140.08913,0,3,6.623398374128221,4.062131414755151,4.67469192696742,1.307039862148909,7.924,14.4,5.227,12.966666666666667,5.882,10.883333333333333,2.124,6.583333333333333
62,8,錧,8220,Ύs,82200052000,,36.034303,140.125946,0,1,12.048451423226625,6.760235958040466,4.6376289506914645,7.047299177986093,16.163,23.766666666666666,12.996,21.866666666666667,8.93,11.416666666666666,9.986,14.516666666666667
63,8,錧,8220,Ύs,82200053000,,36.133493,140.09792,0,1,1.4372036670703816,5.0720681493841875,10.898034786401634,5.850753628894185,1.924,5.316666666666666,6.034,12.866666666666667,14.068,25.85,8.375,17.283333333333335
64,8,錧,8220,Ύs,82200054001,t꒚,36.087788,140.10512,0,3,5.827918958916498,2.273542226969261,6.258507070833587,2.5996694710091557,7.147,12.266666666666667,4.21,9.983333333333333,6.997,14.616666666666667,2.811,7.516666666666667
65,8,錧,8220,Ύs,82200054002,t񒚖,36.086006,140.100914,0,3,5.896489206441227,2.698623678524838,5.9198604556076635,2.195647389033223,7.21,12.0,3.567,9.116666666666667,6.547,13.25,2.4,6.416666666666667
66,8,錧,8220,Ύs,82200054003,tO,36.092129,140.097651,0,3,5.162757800141666,2.8132178716541456,6.4474676665518595,2.1075813372335377,6.43,11.183333333333334,4.177,10.883333333333333,7.347,15.983333333333333,3.161,8.966666666666667
67,8,錧,8220,Ύs,82200054004,tl,36.098839,140.099993,0,3,4.517657807121443,2.613236136948028,7.220377381790148,2.6900717224654307,5.782,11.666666666666666,4.904,12.483333333333333,8.476,18.75,4.289,11.65
68,8,錧,8220,Ύs,82200055000,鍪,36.079841,140.088517,0,1,6.366790112052117,3.9964915649429202,4.903446818227276,1.1445892443540593,7.927,14.883333333333333,5.23,13.45,6.207,12.083333333333334,2.127,7.066666666666666
69,8,錧,8220,Ύs,82200056000,,35.979019,140.096382,0,1,17.57548842172423,13.214251805256893,6.739003014508441,11.74478714725665,19.488,32.43333333333333,21.815,28.3,8.085,13.366666666666667,13.311,23.166666666666668
70,8,錧,8220,Ύs,82200057000,哇,36.224624,140.074515,0,1,9.748135621244367,15.16635450028756,20.80590193360109,15.643619325720547,11.21,18.233333333333334,18.984,30.616666666666667,25.576,38.5,18.254,31.3
71,8,錧,8220,Ύs,82200058000,㋽,36.096748,140.015488,0,1,7.511439054749446,10.193186918969563,8.493557423169484,5.701858647036531,10.093,16.566666666666666,13.85,24.783333333333335,10.858,17.3,8.268,14.066666666666666
72,8,錧,8220,Ύs,82200059000,㋫,36.112812,140.129125,0,1,4.978782236634672,1.9560239195739957,9.729476068940844,5.7225984865666035,6.398,12.3,3.138,6.783333333333333,11.807,23.95,7.908,18.3
73,8,錧,8220,Ύs,82200060000,㗢,36.123588,140.027195,0,1,5.2011572431173745,9.664123338197328,10.502071774946792,6.286004163624556,6.823,12.5,12.461,22.466666666666665,12.969,21.2,9.037,16.433333333333334
74,8,錧,8220,Ύs,82200061000,,36.157831,140.070878,0,1,2.5375566203302773,8.681724378698815,13.39858083116138,8.247574538280302,3.498,8.416666666666666,10.495,20.716666666666665,16.235,30.05,10.542,21.483333333333334
75,8,錧,8220,Ύs,82200062000,㐛,36.207715,140.059372,0,1,8.117510049897632,13.956547748304937,18.97922778699587,13.854241211874333,8.786,13.366666666666667,15.784,25.666666666666668,23.077,34.21666666666667,15.831,26.433333333333334
76,8,錧,8220,Ύs,82200063000,㌴,36.054729,140.113435,0,1,9.544656248922252,4.69417845595832,4.007772150560265,4.609385004913596,11.278,21.316666666666666,6.349,14.95,5.017,11.85,6.7,15.666666666666666
77,8,錧,8220,Ύs,82200064000,L,36.070529,140.15386,0,1,9.780158996840829,3.554994087757345,8.046103970419486,7.10038603046007,11.278,19.083333333333332,4.365,8.5,13.966,15.833333333333334,8.921,17.95
78,8,錧,8220,Ύs,82200065000,㉡,36.0446,140.091001,0,1,10.282637712953255,6.558822852513222,1.6948836844912731,4.520603226108061,12.028,21.966666666666665,9.123,19.85,2.543,6.066666666666666,5.851,12.716666666666667
79,8,錧,8220,Ύs,82200066000,,36.080414,140.099452,0,1,6.462191141779636,3.0996485827017737,5.300114247898689,2.0797615749964073,7.96,14.5,4.311,11.366666666666667,6.014,12.183333333333334,2.561,7.366666666666666
80,8,錧,8220,Ύs,82200067000,_S,36.197097,140.117992,0,1,7.390006455233298,11.34869116536691,18.176129137786223,13.124822875994276,10.143,18.766666666666666,16.434,26.85,22.719,40.06666666666667,17.026,31.483333333333334
81,8,錧,8220,Ύs,82200068001,ω꒚,36.026274,140.095897,0,3,12.346535394425292,8.19667829447849,2.2651213751727224,6.597361135590677,14.308,26.516666666666666,10.365,22.133333333333333,2.905,7.333333333333333,8.131,17.266666666666666
82,8,錧,8220,Ύs,82200068002,ω񒚖,36.031208,140.097459,0,3,11.816931527592775,7.635509863787748,2.1616807820021293,6.112266135479263,14.394,26.45,9.98,21.616666666666667,3.255,8.283333333333333,8.729,17.783333333333335
83,8,錧,8220,Ύs,82200068003,ωO,36.027168,140.105692,0,3,12.36558570001172,7.826054965273715,3.0115569740794146,6.789863233874291,14.398,27.35,9.984,22.533333333333335,3.957,10.683333333333334,8.733,18.683333333333334
84,8,錧,8220,Ύs,82200069000,g,36.082827,140.151729,0,1,8.657140305067573,2.4894734643443823,8.602714436366163,6.75758619403362,10.894,18.633333333333333,3.981,8.2,15.526,18.683333333333334,8.537,17.483333333333334
85,8,錧,8220,Ύs,82200070000,kc,36.148322,140.098137,0,1,1.8817265065995883,6.5047466185790315,12.519923689003196,7.430523916528232,3.111,6.566666666666666,10.211,17.116666666666667,15.687,27.866666666666667,9.993,19.3
86,8,錧,8220,Ύs,82200071000,k,36.104929,140.086031,0,1,3.5740621622713253,3.9880819313964784,7.594383254809425,2.5055940462728876,4.606,8.0,5.773,12.95,8.763,17.15,3.07,8.583333333333334
87,8,錧,8220,Ύs,82200072000,k,36.024556,140.139229,0,1,13.482302594727523,7.894955840509732,5.989028634115772,8.644805587377402,15.284,26.633333333333333,10.355,20.266666666666666,7.468,14.333333333333334,12.951,18.983333333333334
88,8,錧,8220,Ύs,82200073000,k,36.037241,140.107853,0,1,11.30304807745553,6.697493524990109,2.9964755825007283,5.864703300773969,13.216,23.75,8.802,18.933333333333334,3.329,7.416666666666667,7.551,15.083333333333334
89,8,錧,8220,Ύs,82200074000,k,36.153213,140.049491,0,1,3.4763363436939225,9.604661019574497,13.078969678982281,8.098062772592153,5.879,9.816666666666666,12.877,22.116666666666667,15.732,24.2,11.068,18.883333333333333
90,8,錧,8220,Ύs,82200075000,N,36.160567,140.088279,0,1,2.663635553984043,8.114333221265833,13.75321288534644,8.597768621319952,4.419,9.15,10.292,19.466666666666665,16.995,30.45,11.302,21.866666666666667
91,8,錧,8220,Ύs,82200076000,㖜,36.004484,140.103011,0,1,14.820721734529315,10.32647746278951,4.434968127587288,9.098738051152965,16.585,29.283333333333335,14.073,27.316666666666666,5.182,10.083333333333334,10.408,20.033333333333335
92,8,錧,8220,Ύs,82200077000,s,35.990973,140.099337,0,1,16.27525870649493,11.861764346536361,5.584636203306996,10.484017588775952,18.429,31.566666666666666,20.757,27.45,7.026,12.516666666666667,12.252,22.316666666666666
93,8,錧,8220,Ύs,82200078000,,36.214706,140.078906,0,1,8.626985634142606,13.997334246036138,19.709173656161088,14.543185639531554,10.808,17.8,18.119,29.483333333333334,25.225,38.766666666666666,17.852,30.883333333333333
94,8,錧,8220,Ύs,82200079000,q|,36.076707,140.129723,0,1,7.925860025051853,2.0528900377285924,6.630166746345952,4.836900022938827,8.7,17.316666666666666,3.0,7.35,8.842,18.933333333333334,6.384,16.15
95,8,錧,8220,Ύs,82200080000,I,36.124765,140.113606,0,1,3.108088012210516,3.5508169585904077,10.340348942331559,5.643423432961839,5.194,9.683333333333334,4.884,10.933333333333334,13.519,25.65,7.826,17.066666666666666
96,8,錧,8220,Ύs,82200081001,w꒚,36.083502,140.07712,0,3,5.958015152134205,4.8195882480859495,5.151730291701069,0.04064622829774529,7.466,15.433333333333334,5.881,16.266666666666666,5.946,11.3,0.132,0.8
97,8,錧,8220,Ύs,82200081002,w񒚖,36.082795,140.072266,0,3,6.087237486742851,5.261925830184904,5.072667144905565,0.4113520710117353,7.674,16.233333333333334,6.437,17.183333333333334,5.994,11.466666666666667,0.563,2.966666666666667
98,8,錧,8220,Ύs,82200081003,wO,36.087543,140.073013,0,3,5.556310351059947,5.0829208698013995,5.5969683326437645,0.5450646704251363,7.09,14.433333333333334,6.369,17.183333333333334,6.52,13.15,0.988,4.2
99,8,錧,8220,Ύs,82200081004,wl,36.086993,140.07735,0,3,5.5702699090234065,4.7096798616159035,5.539631259662365,0.3750474276672559,7.549,14.433333333333334,5.964,15.266666666666667,6.385,12.383333333333333,0.54,2.316666666666667
100,8,錧,8220,Ύs,82200081005,wܒ,36.08458,140.083053,0,3,5.818446046941754,4.272839946686362,5.32108502466821,0.5805694124798578,7.109,12.366666666666667,5.183,12.766666666666667,6.178,11.783333333333333,0.729,2.8666666666666667
101,8,錧,8220,Ύs,82200081006,wZ,36.083603,140.089358,0,3,5.958254630764075,3.7658896029632514,5.326477249198338,1.139288816523334,7.146,12.816666666666666,4.662,11.966666666666667,6.665,12.75,1.346,5.0
102,8,錧,8220,Ύs,82200081007,w,36.084142,140.093673,0,3,5.951669903365842,3.3810531894974374,5.493318365080337,1.52887711090951,7.889,14.066666666666666,4.246,11.166666666666666,7.431,14.733333333333333,2.112,6.966666666666667
103,8,錧,8220,Ύs,82200082000,,36.175623,140.082705,0,1,4.2840085235675485,9.83714385549715,15.385917044198449,10.219352424947244,5.219,9.616666666666667,13.165,21.9,17.957,31.25,12.264,22.683333333333334
104,8,錧,8220,Ύs,82200083000,,36.106221,140.041022,0,1,5.0651307897452,7.986188188440998,8.242840733239753,4.074217902687498,6.773,11.066666666666666,10.531,19.283333333333335,10.196,15.95,5.848,11.066666666666666
105,8,錧,8220,Ύs,82200084001,꒚,36.024267,140.113768,0,3,12.822616432515956,7.982973278094312,3.806954794717985,7.387225985894517,14.944,27.85,10.53,23.033333333333335,4.503,11.2,9.279,19.2
106,8,錧,8220,Ύs,82200084002,񒚖,36.025917,140.119044,0,3,12.758125637892642,7.734997146705968,4.193690682485817,7.456013142335267,14.994,26.55,10.58,21.733333333333334,5.107,10.216666666666667,9.329,17.883333333333333
107,8,錧,8220,Ύs,82200084003,O,36.021805,140.124064,0,3,13.319328140355289,8.153108555021745,4.7706856168511695,8.080995939748632,15.62,28.0,10.806,22.016666666666666,5.733,11.666666666666666,9.955,19.333333333333332
108,8,錧,8220,Ύs,82200085000,쌴Vc,36.189125,140.050546,0,1,6.459763486371612,12.572785029022109,17.00534512872034,11.937872015136705,7.564,12.133333333333333,14.561,24.433333333333334,19.732,29.266666666666666,15.068,23.95
109,8,錧,8220,Ύs,82200086000,,36.047215,140.07494,0,1,9.987870796951011,7.1940554292677295,1.1207367319210846,4.046338969711611,11.996,21.15,9.412,19.783333333333335,1.519,2.85,4.957,9.9
110,8,錧,8220,Ύs,82200087000,ؖ,36.0944,140.024826,0,1,7.026592032177445,9.35133774647892,7.77874012238876,4.822456314563355,9.096,14.65,12.854,22.883333333333333,9.862,15.383333333333333,7.791,12.366666666666667
111,8,錧,8220,Ύs,82200088000,,35.996172,140.09099,0,1,15.646468047207732,11.499261233424376,4.777457307183415,9.791844738448004,17.356,29.3,19.683,25.183333333333334,5.953,10.25,11.179,20.05
112,8,錧,8220,Ύs,82200089000,R,35.990409,140.091509,0,1,16.287449223109004,12.098700245837081,5.402235491531142,10.431975028720283,17.963,31.366666666666667,20.291,27.233333333333334,6.56,12.3,11.786,22.116666666666667
113,8,錧,8220,Ύs,82200090000,ac,36.165059,140.112771,0,1,4.132479304413246,7.883824787254154,14.606513966175193,9.598537935586117,7.301,13.35,11.273,19.25,19.877,34.65,14.184,26.083333333333332
114,8,錧,8220,Ύs,82200091000,c,36.100148,140.136386,0,1,6.342100728750681,0.8870401035156851,8.938105153104996,5.677549562358882,7.064,13.6,2.315,5.95,11.685,22.466666666666665,7.376,16.95
115,8,錧,8220,Ύs,82200092000,,36.155268,140.083919,0,1,2.0290735801353668,7.78880585103702,13.136793405064482,7.972922859960908,2.759,6.15,9.757,18.45,15.497,27.783333333333335,9.803,19.216666666666665
116,8,錧,8220,Ύs,82200093000,Ȗ,36.099986,140.114986,0,1,5.040570502156994,1.3416235725809726,7.867393046905139,3.89454959303151,5.41,11.433333333333334,2.478,5.65,9.221,20.366666666666667,5.034,13.266666666666667
117,8,錧,8220,Ύs,82200094000,,36.070294,140.092441,0,1,7.456785218912568,4.274659461501572,4.016716555379894,2.0507238944188115,9.026,16.966666666666665,4.997,12.916666666666666,4.984,9.833333333333334,2.849,7.483333333333333
118,8,錧,8220,Ύs,82200095000,c,36.013926,140.080434,0,1,13.659370276421887,10.009250148503966,2.626509037922964,7.74420981057999,15.142,26.416666666666668,17.469,22.283333333333335,3.372,7.166666666666667,8.965,17.166666666666668
119,8,錧,8220,Ύs,82200096000,,36.003692,140.080908,0,1,14.794334307811768,11.026598124277578,3.7522390883201804,8.880553449324015,16.305,27.75,18.633,23.633333333333333,4.902,8.7,10.128,18.5
120,8,錧,8220,Ύs,82200097000,h,36.108554,140.1433,0,1,6.314939972302269,1.9842556433327612,10.056017704206326,6.602708409067124,7.535,15.766666666666667,3.243,8.0,12.109,24.2,9.059,20.366666666666667
121,8,錧,8220,Ύs,82200098001,꒚,36.110453,140.113761,0,3,4.071754966894808,2.1608256601949765,8.86883502253481,4.469475615951475,4.888,10.8,3.512,8.4,11.693,23.783333333333335,6.0,15.216666666666667
122,8,錧,8220,Ύs,82200098002,񒚖,36.112525,140.111151,0,3,3.7432163537036764,2.4873090954788,8.99150757805365,4.459031735673404,4.686,10.166666666666666,3.739,9.1,11.491,23.15,5.798,14.583333333333334
123,8,錧,8220,Ύs,82200098003,O,36.114058,140.117068,0,3,4.017719805976217,2.3396243592318777,9.354990132505355,4.958902549562714,4.661,8.983333333333333,3.168,6.816666666666666,11.865,23.55,6.172,14.983333333333333
124,8,錧,8220,Ύs,82200099000,u,36.009503,140.10127,0,1,14.248894414017897,9.822715211144633,3.8944146933255643,8.520176928534472,16.052,29.183333333333334,13.54,27.216666666666665,4.649,9.983333333333333,9.875,19.916666666666668
125,8,錧,8220,Ύs,82200100000,p,36.066902,140.151099,0,1,9.930888545978052,3.733028494093757,7.643872710305043,6.953911394180303,11.651,20.983333333333334,4.738,10.4,8.521,18.833333333333332,9.295,19.85
126,8,錧,8220,Ύs,82200101000,,36.131513,140.062923,0,1,1.8695456425290533,7.160803356324266,10.526795134646116,5.453706235576091,2.137,5.883333333333334,10.087,18.95,12.227,21.066666666666666,7.64,14.75
127,8,錧,8220,Ύs,82200102000,č,36.106425,140.118536,0,1,4.691922026594487,1.544655588795023,8.648830097047052,4.53573932878878,5.531,11.75,2.538,5.666666666666667,11.208,22.833333333333332,7.105,17.566666666666666
128,8,錧,8220,Ύs,82200103000,,36.064098,140.091212,0,1,8.128435574374725,4.824823410992241,3.346862888599104,2.532792727439052,10.197,19.65,5.657,14.666666666666666,3.81,8.2,4.02,10.166666666666666
129,8,錧,8220,Ύs,82200104000,,36.060355,140.051689,0,1,8.948877394293117,7.937816909282004,3.303235645501351,3.4297214651096777,11.125,18.7,10.783,21.316666666666666,4.025,7.25,5.165,9.85
130,8,錧,8220,Ύs,82200105000,,35.973808,140.105698,0,1,18.229141915913008,13.626352187147207,7.563555962065858,12.46528722570105,20.252,33.28333333333333,22.58,29.166666666666668,8.849,14.233333333333333,14.075,24.033333333333335
131,8,錧,8220,Ύs,82200106000,哇,36.134969,140.137506,0,1,4.951318249038228,4.485403936375222,12.246737347968391,7.898606725627662,6.486,11.383333333333333,6.301,11.983333333333333,25.039,25.95,10.201,20.1
132,8,錧,8220,Ύs,82200107000,,36.041213,140.132355,0,1,11.537736792489579,5.998316226059829,5.224261611407934,6.878187296668252,13.419,23.233333333333334,8.49,16.866666666666667,6.016,12.216666666666667,9.061,18.466666666666665
133,8,錧,8220,Ύs,82200108000,,36.08945,140.090236,0,1,5.323014614994901,3.5185814552058776,5.9750738907415855,1.3776775629396945,6.659,12.1,5.691,13.95,7.438,15.216666666666667,2.119,7.466666666666667
134,8,錧,8220,Ύs,82200109000,L,36.062219,140.167602,0,1,11.293104811495587,5.068123716218636,8.830510296321,8.52613153795403,13.514,24.216666666666665,6.601,13.633333333333333,13.628,16.516666666666666,14.953,21.35
135,8,錧,8220,Ύs,82200110000,ʕ{,36.071188,140.031167,0,1,8.646561154517476,9.176105084037214,5.441392299830346,4.329122184221278,11.988,18.45,11.21,21.8,6.874,12.0,5.591,10.35
136,8,錧,8220,Ύs,82200111000,,36.028883,140.124524,0,1,12.579807079945216,7.366645377610224,4.5909544107088065,7.449399651531426,15.214,27.033333333333335,10.569,21.5,5.327,10.7,9.549,18.366666666666667
137,8,錧,8220,Ύs,82200112000,RPu,35.960019,140.108168,0,1,19.774638470552798,15.11159253146824,9.074368149069828,14.00839670579488,22.108,36.46666666666667,24.436,32.333333333333336,10.705,17.4,15.931,27.216666666666665
138,8,錧,8220,Ύs,82200113000,h,36.107496,140.146316,0,1,6.608891796803049,2.095859440468026,10.134742224898734,6.803866575062151,8.584,17.483333333333334,3.498,9.1,11.812,23.866666666666667,8.761,20.033333333333335
139,8,錧,8220,Ύs,82200114000,R,35.991802,140.123568,0,1,16.53111376417468,11.480865442163822,6.690781027406368,11.032045737478287,19.085,33.516666666666666,14.681,27.3,7.682,14.333333333333334,12.908,24.266666666666666
140,8,錧,8220,Ύs,82200115000,,36.009972,140.121829,0,1,14.533932294860472,9.47558034408524,5.214651474235544,9.130830244391175,17.334,29.266666666666666,12.406,22.9,7.12,13.283333333333333,13.609,19.4
141,8,錧,8220,Ύs,82200116000,,36.188222,140.075839,0,1,5.714040977898582,11.365296441247319,16.767000091037957,11.60336863866191,7.543,14.6,14.815,26.183333333333334,20.28,36.233333333333334,14.587,27.666666666666668
142,8,錧,8220,Ύs,82200117001,猻꒚,36.073942,140.122418,0,3,7.8654637107488705,2.4235957786382847,5.9375464496801085,4.25586551552242,9.046,18.2,4.094,11.116666666666667,8.467,18.4,6.008,15.616666666666667
143,8,錧,8220,Ύs,82200117002,猻񒚖,36.067792,140.126406,0,3,8.636615135723781,3.0466498232308163,5.776705567303174,4.810119694326086,9.594,19.116666666666667,4.643,12.033333333333333,8.219,17.533333333333335,7.259,17.816666666666666
144,8,錧,8220,Ύs,82200118001,䒬꒚,36.03727,140.079426,0,3,11.071382754564217,7.8086295153240375,0.43489093285302144,5.152512420388099,12.42,22.633333333333333,9.021,20.516666666666666,0.526,1.3166666666666667,6.534,12.466666666666667
145,8,錧,8220,Ύs,82200118002,䒬񒚖,36.03779,140.082983,0,3,11.01016529588335,7.582633269467237,0.7587934100870074,5.120291465656031,12.359,22.266666666666666,9.192,20.366666666666667,0.926,2.566666666666667,6.182,13.016666666666667
146,8,錧,8220,Ύs,82200118003,䒬O,36.034968,140.084766,0,3,11.324977558475252,7.764491339151165,0.9463963821163661,5.450676677449831,12.595,22.666666666666668,9.429,20.783333333333335,1.562,4.133333333333334,6.419,13.416666666666666
147,8,錧,8220,Ύs,82200119000,,36.05515,140.068111,0,1,9.176484185706853,7.034595571267733,2.0845892213182085,3.2561938772862953,11.219,21.116666666666667,8.313,19.783333333333335,2.581,5.333333333333333,4.146,9.35
148,8,錧,8220,Ύs,82200120000,,35.998876,140.122041,0,1,15.735318414652863,10.703401047113566,6.024214478602815,10.255620624676034,17.961,31.366666666666667,13.908,25.933333333333334,6.559,12.166666666666666,11.785,22.116666666666667
149,8,錧,8220,Ύs,82200121000,{,36.068399,140.022365,0,1,9.345783840902522,10.024962587205286,5.848272963008909,5.179521293879232,16.937,24.166666666666668,13.77,22.283333333333335,9.704,11.816666666666666,10.76,14.916666666666666
150,8,錧,8220,Ύs,82200122000,c,36.082205,140.060823,0,1,6.388812673430478,6.277210037125228,5.154595207793066,1.4398354040915677,8.934,15.85,7.355,18.083333333333332,6.235,10.733333333333333,1.974,5.35
151,8,錧,8220,Ύs,82200123000,쌴,36.019471,140.116748,0,1,13.401488539741537,8.469845857258829,4.2735118090510955,7.983336973580587,15.796,27.666666666666668,11.382,22.85,5.909,11.333333333333334,10.131,19.0
152,8,錧,8220,Ύs,82200124001,꒚,35.990258,140.137252,0,3,17.013477446714816,11.668719154195408,7.676655225210758,11.711725737272124,19.426,32.166666666666664,14.497,25.8,8.542,15.616666666666667,15.7,22.3
153,8,錧,8220,Ύs,82200124002,񒚖,35.995472,140.133005,0,3,16.350080911541472,11.0713915889858,7.004977026308165,11.021632557556877,19.347,32.81666666666667,14.418,26.45,7.722,14.45,12.948,24.4
154,8,錧,8220,Ύs,82200124003,O,36.00194,140.131089,0,3,15.612688859425317,10.349099482380948,6.415686043958892,10.3064483911163,18.555,31.316666666666666,13.626,24.966666666666665,7.623,14.0,14.829,21.466666666666665
155,8,錧,8220,Ύs,82200124004,l,35.989939,140.131661,0,3,16.908637655572242,11.68153343803753,7.339041806059145,11.517591763329447,19.578,34.43333333333333,15.174,28.2,8.175,15.233333333333333,13.401,25.183333333333334
156,8,錧,8220,Ύs,82200124005,ܒ,35.992997,140.129498,0,3,16.530436921514863,11.339343429038152,6.96098083107878,11.127431595647229,19.096,33.25,14.692,27.033333333333335,7.693,14.066666666666666,12.919,24.0
157,8,錧,8220,Ύs,82200125000,Ǔc,36.062419,140.01231,0,1,10.417548390133293,11.093027875984713,6.276023218608864,6.2613240486083805,14.68,22.933333333333334,13.902,26.283333333333335,8.217,14.616666666666667,8.284,14.833333333333334
158,8,錧,8220,Ύs,82200126000,cq,36.121795,140.015882,0,1,6.234699845113516,10.575098328320056,10.782247366149281,6.921869996834657,9.428,16.15,15.066,26.116666666666667,13.49,22.3,9.945,18.4
159,8,錧,8220,Ύs,82200127001,|꒚,36.080116,140.115594,0,3,6.979357560155899,2.044973798279168,6.033365305887289,3.5243111690927074,7.586,13.766666666666667,2.657,7.066666666666666,6.925,14.35,4.447,11.316666666666666
160,8,錧,8220,Ύs,82200127002,|񒚖,36.077397,140.119562,0,3,7.4071484869084285,2.1374401028741454,6.031800907334263,3.9217822541790794,7.901,15.4,2.949,8.316666666666666,8.066,16.633333333333333,5.028,13.783333333333333
161,8,錧,8220,Ύs,82200127003,|O,36.081011,140.12421,0,3,7.258422230752387,1.6233606827036497,6.610221882060219,4.288443094970366,7.939,15.4,2.474,7.116666666666666,7.953,17.3,5.582,14.266666666666667
162,8,錧,8220,Ύs,82200128000,,36.131746,140.074963,0,1,0.8993200294054808,6.311047422968848,10.499993002439025,5.338731460425146,1.183,3.3333333333333335,8.097,17.033333333333335,12.572,22.716666666666665,6.879,14.15
163,8,錧,8220,Ύs,82200129000,ٖ,36.043937,140.112293,0,1,10.669642514869956,5.874871839518422,3.4796907590425654,5.449599800944345,12.983,23.3,8.054,16.933333333333334,3.615,8.4,7.809,16.016666666666666
164,8,錧,8220,Ύs,82200130000,c,36.177547,140.070073,0,1,4.635596483509669,10.551031553066506,15.587447822131864,10.435690649376706,5.198,8.85,12.196,21.15,20.39,30.15,12.242,21.916666666666668
165,8,錧,8220,Ύs,82200131000,ʎ,36.133394,140.107909,0,1,2.317251397307398,4.63283768925793,11.095961954155996,6.193087381035326,3.438,7.5,6.344,12.183333333333334,14.871,27.15,9.178,18.583333333333332
166,8,錧,8220,Ύs,82200132000,cR,36.175897,140.060154,0,1,4.762045068896627,10.873149822609014,15.453889703618648,10.343405843133423,7.079,12.2,14.077,24.5,19.289,29.233333333333334,14.625,23.916666666666668
167,8,錧,8220,Ύs,82200133000,}g,36.21786,140.100344,0,1,9.11235028990279,13.848366465815582,20.18875212158246,15.042945375041306,12.817,21.833333333333332,20.446,33.9,27.234,42.8,19.861,34.9
168,8,錧,8220,Ύs,82200134001,}꒚,36.136132,140.082148,0,3,0.10461578398441039,6.178757612120163,11.007609991003152,5.843649570602212,0.307,1.4666666666666666,7.499,15.35,13.088,23.933333333333334,7.395,15.366666666666667
169,8,錧,8220,Ύs,82200134002,}񒚖,36.132167,140.080173,0,3,0.5791053952972037,5.991223203059474,10.558578573975671,5.392159265110137,0.693,2.716666666666667,7.72,15.5,12.7,22.833333333333332,7.007,14.25
170,8,錧,8220,Ύs,82200135000,J,36.173868,140.037016,0,1,5.789153257701058,12.011106573751295,15.546760108245536,10.628910184764623,8.163,14.6,15.612,27.15,18.329,28.683333333333334,13.665,23.366666666666667
171,8,錧,8220,Ύs,82200136000,yc,36.090476,140.061679,0,1,5.4954474969387554,6.054874338944474,6.03400018909013,1.550983421372413,6.994,12.916666666666666,8.181,19.7,7.388,13.283333333333333,2.8,6.966666666666667
172,8,錧,8220,Ύs,82200137000,q,36.106771,140.027755,0,1,5.966564963675515,9.176892677651013,8.805850848043306,5.100535079847061,7.941,12.866666666666667,11.699,21.083333333333332,10.94,16.933333333333334,7.017,12.866666666666667
173,8,錧,8220,Ύs,82200138000,,36.060259,140.096922,0,1,8.614650636452998,4.816077232945568,3.2614866056417946,3.1707667178295074,11.062,21.333333333333332,6.649,16.516666666666666,3.853,8.616666666666667,5.005,11.533333333333333
174,8,錧,8220,Ύs,82200139000,,36.187156,140.028744,0,1,7.375500836440538,13.601868535867537,17.152737107062297,12.26947785669857,9.678,15.1,16.676,27.383333333333333,21.506,32.266666666666666,16.842,26.95
175,8,錧,8220,Ύs,82200140001,V꒚,36.110412,140.101253,0,3,3.3981422239571377,2.9907585459763117,8.479581238205059,3.7015170713121908,4.705,9.566666666666666,5.624,12.783333333333333,9.856,22.35,5.854,14.833333333333334
176,8,錧,8220,Ύs,82200140002,V񒚖,36.118936,140.096055,0,3,2.3454973380363304,3.9450311337717925,9.281866997811017,4.285097080519281,4.362,8.75,5.384,12.85,12.453,21.483333333333334,6.999,15.516666666666667
177,8,錧,8220,Ύs,82200140003,VO,36.123848,140.092445,0,3,1.7109398871828063,4.554827004761372,9.756816613596822,4.679716632073847,2.322,4.483333333333333,5.66,11.65,12.61,20.666666666666668,7.156,14.7
178,8,錧,8220,Ύs,82200141001,꒚,36.099572,140.063722,0,3,4.487377788743185,5.86813050030225,6.99887436091878,2.11848167309902,6.45,12.383333333333333,8.371,17.916666666666668,8.004,14.333333333333334,3.416,8.016666666666667
179,8,錧,8220,Ύs,82200141003,O,36.095241,140.067844,0,3,4.820814567656734,5.476888948931053,6.477997479624999,1.5134964427248856,6.281,11.816666666666666,8.696,18.383333333333333,7.393,13.233333333333333,2.193,6.4
180,8,錧,8220,Ύs,82200141004,l,36.094925,140.066195,0,3,4.897125790908052,5.625473716871308,6.458824945340867,1.5687367620486765,7.045,12.916666666666666,8.678,18.166666666666668,7.542,13.35,2.954,7.033333333333333
181,8,錧,8220,Ύs,82200141005,ܒ,36.087572,140.06596,0,3,5.686086663738267,5.709708607178312,5.652255880727829,1.0612867072544396,7.606,12.933333333333334,7.387,17.95,6.594,11.533333333333333,2.006,5.216666666666667
182,8,錧,8220,Ύs,82200142001,L̓m꒚,36.101926,140.050224,0,3,4.861224778776622,7.102818287537069,7.518989561018907,3.1305082613860544,6.392,12.65,9.055,19.35,8.917,15.916666666666666,5.203,11.3
183,8,錧,8220,Ύs,82200142002,L̓m񒚖,36.10137,140.045313,0,3,5.185076031394647,7.53690836257288,7.602023156461725,3.4437170928956236,7.025,13.416666666666666,10.559,20.75,8.956,15.933333333333334,5.884,11.7
184,8,錧,8220,Ύs,82200143000,,36.047077,140.108026,0,1,10.239864341101498,5.652783512078958,3.208159758910738,4.942811719959277,13.153,24.566666666666666,8.224,18.2,3.829,9.566666666666666,6.984,15.366666666666667
185,8,錧,8220,Ύs,82200144000,,36.198639,140.065554,0,1,7.006886796555296,12.807234012618945,17.9410388785066,12.798441338765711,7.556,11.333333333333334,14.554,23.633333333333333,21.973,32.3,14.6,24.4
186,8,錧,8220,Ύs,82200145000,,36.109219,140.136395,0,1,5.7450341921300385,1.7055581358103795,9.746135833649328,6.077621234104536,6.794,14.45,3.741,8.916666666666666,12.521,25.766666666666666,8.367,20.266666666666666
187,8,錧,8220,Ύs,82200146000,,36.022683,140.066658,0,1,12.766910022582072,9.794429041981447,1.7545520577458578,6.825607793078842,15.367,28.5,11.617,27.016666666666666,2.59,6.6,8.329,17.25
188,8,錧,8220,Ύs,82200147000,Vc,36.089551,140.071125,0,1,5.366278335769091,5.219216754622763,5.826378085249747,0.8253423453611834,7.08,13.516666666666667,7.372,18.9,7.17,13.3,2.058,6.716666666666667
189,8,錧,8220,Ύs,82200148000,ʕ{,36.082003,140.029931,0,1,7.727330661480761,9.011446659737908,6.403430424263627,4.217239526558703,11.573,18.466666666666665,11.339,22.75,7.898,14.333333333333334,5.721,11.3
190,8,錧,8220,Ύs,82200149000,,36.055938,140.124879,0,1,9.770493618169779,4.368497379832984,4.988433105095267,5.318593802968262,11.267,20.15,6.338,13.783333333333333,5.99,12.583333333333334,6.909,15.366666666666667
191,8,錧,8220,Ύs,82200150000,R,36.019577,140.109762,0,1,13.259448977922343,8.560849830625147,3.71886005058495,7.708475273618896,16.53,29.966666666666665,12.116,25.133333333333333,4.411,9.566666666666666,9.637,19.5
192,8,錧,8220,Ύs,82200151000,Vc,36.059625,140.035822,0,1,9.56303404624496,9.246798646904892,4.295216155345206,4.546911310056614,12.822,20.483333333333334,12.056,23.883333333333333,5.963,11.183333333333334,6.437,12.416666666666666
193,8,錧,8220,Ύs,82200152001,؈꒚,36.068916,140.133645,0,3,8.846651220667383,2.94951434685441,6.3834830994475595,5.383001846988826,9.594,19.1,4.642,12.016666666666667,8.752,19.3,7.259,17.8
194,8,錧,8220,Ύs,82200152002,ؓ񒚖,36.064866,140.139623,0,3,9.513184292742592,3.5064296836133115,6.618341018387367,6.03848441161645,10.425,19.933333333333334,5.011,10.7,8.114,17.966666666666665,8.09,18.633333333333333
195,8,錧,8220,Ύs,82200152003,؎O,36.063684,140.147861,0,3,10.039572802646175,3.900094348357141,7.229190003090517,6.7815624600574465,11.601,20.25,4.688,9.666666666666666,8.308,17.683333333333334,9.245,19.116666666666667
196,8,錧,8220,Ύs,82200152004,؎l,36.060889,140.144888,0,3,10.142005110122975,4.076854727087724,6.8604364025670845,6.640803665312635,10.693,20.116666666666667,5.099,10.766666666666667,7.666,16.766666666666666,8.357,18.816666666666666
197,8,錧,8220,Ύs,82200153000,,36.015659,140.128152,0,1,14.078206167895015,8.824657055353274,5.381874187236257,8.854848565024229,16.488,29.3,11.559,22.933333333333334,6.898,13.533333333333333,12.763,19.433333333333334
198,8,錧,8220,Ύs,82200154000,,36.054771,140.105642,0,1,9.359734042148649,4.9408338578808495,3.4145546629370434,4.1308718284177175,11.515,21.8,7.1,17.483333333333334,4.379,10.216666666666667,5.845,13.333333333333334
199,8,錧,8220,Ύs,82200155000,勴,36.072583,140.088773,0,1,7.171359034967622,4.3815990919118395,4.1370682318067304,1.6400330142622346,8.645,16.45,5.213,13.116666666666667,5.014,10.1,2.468,6.966666666666667
200,8,錧,8220,Ύs,82200156000,,36.06979,140.086307,0,1,7.467026871861982,4.742877833978124,3.7754949786449807,1.764579711370871,8.621,16.316666666666666,5.574,14.75,5.49,10.083333333333334,2.444,6.833333333333333
201,8,錧,8220,Ύs,82200157000,,36.146664,140.024557,0,1,5.328555228939774,10.975447294828804,12.963996688080076,8.422051067896328,5.743,11.75,13.345,25.666666666666668,15.486,24.766666666666666,11.245,20.583333333333332
202,8,錧,8220,Ύs,82200158000,,36.106927,140.078075,0,1,3.362898987952117,4.737772271583153,7.752304919895928,2.585398086988857,3.778,6.066666666666666,7.558,14.583333333333334,10.466,17.733333333333334,4.658,10.85
203,8,錧,8220,Ύs,82200159000,̑,36.013412,140.108558,0,1,13.913649739327555,9.252884147763128,4.035530391943088,8.305540739959005,16.337,29.783333333333335,12.555,25.6,4.934,10.6,10.16,20.533333333333335
204,8,錧,8220,Ύs,82200160000,,36.103226,140.079964,0,1,3.7565451339437077,4.474978477481309,7.351204966451909,2.1914969133607745,4.751,7.8,6.293,13.583333333333334,9.283,18.066666666666666,3.589,9.483333333333333
205,8,錧,8220,Ύs,82200161000,,36.099885,140.086466,0,1,4.135041247429487,3.835343451381199,7.046111700984794,2.0040024222202057,5.263,8.966666666666667,5.763,12.75,8.619,16.066666666666666,2.925,7.5
206,8,錧,8220,Ύs,82200162001,̋{꒚,36.0697,140.118255,0,3,8.131764005305952,2.979421886269399,5.342214522983972,4.049939027022749,8.994,16.9,4.042,9.816666666666666,7.467,15.3,5.219,12.733333333333333
207,8,錧,8220,Ύs,82200162002,̋{񒚖,36.062424,140.122579,0,3,9.027416563176688,3.676550503848226,5.1547769274111825,4.756284564606308,10.383,19.45,5.228,12.133333333333333,6.752,14.5,6.025,14.666666666666666
208,8,錧,8220,Ύs,82200162003,̋{O,36.066917,140.116364,0,3,8.35276060188925,3.3267589960034303,5.009098490199775,4.025935209091441,9.555,17.183333333333334,4.626,10.816666666666666,6.309,14.416666666666666,5.197,12.416666666666666
209,8,錧,8220,Ύs,82200162004,̋{l,36.059806,140.117467,0,3,9.125855903264666,4.053412472069233,4.61030856466843,4.525728035371529,10.569,20.016666666666666,5.64,13.65,5.626,13.05,6.211,15.233333333333333
210,8,錧,8220,Ύs,82200163000,c,36.206663,140.08669,0,1,7.737215480418659,12.933280909824866,18.844330793769743,13.678892793458656,10.546,17.466666666666665,15.937,26.45,24.745,38.483333333333334,17.591,30.533333333333335
211,8,錧,8220,Ύs,82200164000,씨,36.096904,140.040097,0,1,5.866923641263784,7.977835299460674,7.326079673758232,3.6102683290459616,8.21,15.433333333333334,11.744,22.766666666666666,9.416,15.95,5.929,11.9
212,8,錧,8220,Ύs,82200165000,,36.053371,140.077695,0,1,9.291543846885617,6.527392707621424,1.8247803613505806,3.361303826458108,11.057,19.516666666666666,7.89,17.633333333333333,2.629,4.6,4.872,10.05
213,8,錧,8220,Ύs,82200166000,S,36.096488,140.050354,0,1,5.350417160434845,7.053370302656807,6.940465212123171,2.7680286636674882,7.181,13.05,9.844,19.85,8.393,14.566666666666666,4.787,9.283333333333333
214,8,錧,8220,Ύs,82200167000,,35.954269,140.109183,0,1,20.418979185901055,15.734548683268228,9.707233504544703,14.651792734280924,22.601,36.483333333333334,24.928,32.35,11.198,17.416666666666668,16.424,27.233333333333334
215,8,錧,8220,Ύs,82200168000,,35.954997,140.112108,0,1,20.371539787347942,15.626905252497346,9.719355820160585,14.627893707125006,23.15,37.0,25.477,32.86666666666667,11.747,17.933333333333334,16.973,27.75
216,8,錧,8220,Ύs,82200169000,ԉ,36.086894,140.123158,0,1,6.655457812294623,1.0452664098767264,7.0455677929585585,4.198925671660999,7.296,13.65,1.355,4.383333333333334,8.011,17.333333333333332,4.959,12.566666666666666
217,8,錧,8220,Ύs,82200170002,Ԕ񒚖,36.132325,140.084348,0,3,0.5449016737037358,5.73569779926266,10.600580860359727,5.444286578837656,0.83,3.2333333333333334,7.094,15.016666666666667,13.536,25.683333333333334,7.843,17.116666666666667
218,8,錧,8220,Ύs,82200170003,ԔO,36.129409,140.092924,0,3,1.258385617161021,4.977119812219805,10.372710691536955,5.28286296254425,1.649,4.85,6.266,13.366666666666667,13.591,25.3,7.898,16.716666666666665
219,8,錧,8220,Ύs,82200171000,Ԏ,36.089112,140.129772,0,1,6.806344718405803,0.6815790572537319,7.614902166309779,4.8173627825470575,8.434,16.366666666666667,1.289,4.316666666666666,8.579,18.733333333333334,6.078,15.233333333333333
220,8,錧,8220,Ύs,82200172000,H,36.023091,140.091829,0,1,12.668664851013533,8.660840907764916,2.1983558070421294,6.8566958876854915,14.188,26.583333333333332,11.021,24.683333333333334,2.785,7.383333333333334,8.011,17.333333333333332
221,8,錧,8220,Ύs,82200173000,,36.0783,140.098156,0,1,6.664831799241504,3.3256373706976636,5.038192222670165,2.021025154008149,8.395,15.633333333333333,4.415,12.7,5.756,11.516666666666667,3.173,7.833333333333333
222,8,錧,8220,Ύs,82200174001,꒚,36.061122,140.130308,0,3,9.455598556124077,3.782886562649813,5.682248388694122,5.437142284692403,10.244,19.45,5.028,11.683333333333334,8.038,16.583333333333332,7.31,16.766666666666666
223,8,錧,8220,Ύs,82200174002,񒚖,36.054109,140.132994,0,3,10.259657498009632,4.574819953976865,5.589185129233258,6.037904530731473,11.918,22.533333333333335,6.778,14.866666666666667,6.16,13.583333333333334,8.367,18.566666666666666
224,8,錧,8220,Ύs,82200175000,V,36.075596,140.1131,0,1,7.3492056948987665,2.5865558573811147,5.500800441846018,3.3975838382278565,8.297,16.883333333333333,3.368,10.183333333333334,6.992,14.616666666666667,4.533,11.833333333333334
225,8,錧,8220,Ύs,82200176000,,36.094852,140.124244,0,1,5.997999983191361,0.39951791297451794,7.812644244911376,4.457788994858342,7.15,14.466666666666667,0.736,2.9166666666666665,9.405,20.083333333333332,6.03,15.083333333333334
226,8,錧,8220,Ύs,82200177000,,36.099685,140.095383,0,1,4.300207920418064,3.0380315628375714,7.190350815428284,2.448017460817879,5.715,10.166666666666666,5.164,12.183333333333334,8.736,18.45,3.844,10.2
227,8,錧,8220,Ύs,82200178000,ێR,36.015038,140.09199,0,1,13.561307571616975,9.487378370544828,2.90831544155833,7.737055016815535,16.137,27.633333333333333,18.465,23.5,4.735,8.566666666666666,9.96,18.383333333333333
228,8,錧,8220,Ύs,82200179000,̑,36.020349,140.134973,0,1,13.77950946307998,8.323589077015662,5.750478438922731,8.769312023863824,16.103,27.016666666666666,11.174,20.65,6.527,12.316666666666666,12.591,17.816666666666666
229,8,錧,8220,Ύs,82200180000,,36.183522,140.115229,0,1,5.93924352801445,9.875957409133635,16.651815175843886,11.611337921302857,7.951,13.916666666666666,13.2,21.666666666666668,20.527,35.21666666666667,14.834,26.65
230,8,錧,8220,Ύs,82200181000,xm,35.950468,140.117014,0,1,20.930878774461544,16.09232671184995,10.347221051880927,15.218220846189741,23.935,38.483333333333334,26.263,34.35,12.532,19.416666666666668,17.758,29.233333333333334
231,8,錧,8220,Ύs,82200182000,{,36.046791,140.0992,0,1,10.122960550059096,5.990141145855221,2.462673936170041,4.564603241422784,11.801,21.616666666666667,8.053,17.466666666666665,3.025,6.266666666666667,5.624,12.366666666666667
232,8,錧,8220,Ύs,82200183000,×,36.093655,140.145791,0,1,7.454030466088704,1.5520104194600306,8.97125757361518,6.319913818107608,8.672,16.45,2.835,6.333333333333333,10.179,20.216666666666665,7.129,16.366666666666667
233,8,錧,8220,Ύs,82200184000,k,36.174248,140.095477,0,1,4.2919452549579145,9.267166250565875,15.331679176803803,10.19349138332795,5.897,10.366666666666667,11.999,19.35,18.473,31.666666666666668,12.78,23.1
234,8,錧,8220,Ύs,82200185000,[,36.00841,140.095356,0,1,14.31660381698259,10.085681492544603,3.694055801322916,8.516392797713095,17.685,29.916666666666668,20.013,25.8,6.282,10.866666666666667,11.508,20.666666666666668
235,8,錧,8220,Ύs,82200186000,z,35.981519,140.125302,0,1,17.6785062879848,12.616309413755129,7.677882458293191,12.149571100328753,20.357,35.9,16.001,29.966666666666665,8.954,16.7,14.18,26.65
236,8,錧,8220,Ύs,82200187000,׌,35.956836,140.10328,0,1,20.079707257645293,15.520985294227009,9.275702500747629,14.273948440469423,21.924,34.833333333333336,24.251,30.716666666666665,10.521,15.783333333333333,15.747,25.583333333333332
237,8,錧,8220,Ύs,82200188000,,36.198369,140.046082,0,1,7.557539531169277,13.649710111508872,18.075887471402012,13.024088990010057,8.72,14.0,15.718,26.3,20.888,31.15,16.225,25.816666666666666
238,8,錧,8220,Ύs,82200189000,O,36.146834,140.063634,0,1,2.0215875071507514,8.192162257261156,12.214152310450402,7.108748986829159,2.892,6.166666666666667,9.89,18.45,14.177,24.55,9.589,18.233333333333334
239,8,錧,8220,Ύs,82200190000,q,36.020778,140.127617,0,1,13.521345955122088,8.257072811248337,5.1105396149868625,8.349508265779216,16.286,28.6,11.357,22.233333333333334,6.156,12.633333333333333,12.56,18.733333333333334
240,8,錧,8220,Ύs,82200191000,^,36.048363,140.037558,0,1,10.638895421312888,9.713181968281399,3.563944184345879,5.270079516618234,14.266,22.666666666666668,13.499,26.05,5.245,10.9,7.881,14.6
241,8,錧,8220,Ύs,82200192001,꒚,36.069735,140.095862,0,3,7.561037433646757,4.087030129430347,4.094754892023311,2.3154973010028383,9.447,18.266666666666666,4.908,13.283333333333333,4.508,9.033333333333333,3.27,8.783333333333333
242,8,錧,8220,Ύs,82200192002,񒚖,36.072211,140.099995,0,3,7.360231055831897,3.6285458331428355,4.516217575188335,2.4518209445644947,8.87,16.5,4.456,11.716666666666667,5.028,10.85,3.534,9.033333333333333
243,8,錧,8220,Ύs,82200192003,O,36.068818,140.102865,0,3,7.785102071203591,3.7363166694234127,4.342383907888851,2.8741449745398917,9.64,18.166666666666668,4.694,13.516666666666667,5.458,11.666666666666666,4.095,10.6
244,8,錧,8220,Ύs,82200192004,l,36.065429,140.103842,0,3,8.171299928726649,3.9876233104215473,4.099839698085317,3.172198440828969,10.048,19.166666666666668,5.138,14.1,5.269,11.7,4.459,11.0
245,8,錧,8220,Ύs,82200192005,ܒ,36.062124,140.105823,0,3,8.570093353504452,4.206157405419101,3.95118419685065,3.547520039417478,10.519,19.666666666666668,6.105,14.85,4.896,10.55,4.849,11.2
246,8,錧,8220,Ύs,82200193000,,36.107947,140.153703,0,1,7.1713700031617815,2.6625720958168455,10.608338446339674,7.439228813833188,8.974,19.066666666666666,3.888,10.7,12.201,25.45,9.151,21.616666666666667
247,8,錧,8220,Ύs,82200194000,,36.058976,140.113441,0,1,9.095033414135525,4.245541072333273,4.257833772737127,4.2949512678545565,10.656,20.35,5.759,14.3,5.568,12.716666666666667,5.98,14.433333333333334
248,8,錧,8220,Ύs,82200195000,̗,36.008429,140.12981,0,1,14.88944706031393,9.627329762165733,5.907260189656983,9.621149446667404,17.947,31.05,13.018,24.683333333333334,7.985,15.1,14.222,21.2
249,8,錧,8220,Ύs,82200196000,x,36.061293,140.066848,0,1,8.52041959647749,6.719023962142352,2.7719699037232344,2.635325003572259,11.341,19.366666666666667,8.386,19.0,3.246,6.066666666666666,3.277,7.75
250,8,錧,8220,Ύs,82200197000,΂u,36.00863,140.087137,0,1,14.251654155465737,10.307505926963257,3.3568465556439704,8.37744001845862,16.121,28.25,18.448,24.133333333333333,4.718,9.2,9.944,19.0
251,8,錧,8220,Ύs,82200198001,΃P꒚,36.114971,140.022615,0,3,5.924306522131218,9.797866162345583,9.826264573706345,5.983679178683848,8.364,14.733333333333333,12.427,23.016666666666666,12.311,20.35,8.387,16.383333333333333
252,8,錧,8220,Ύs,82200198002,΃P񒚖,36.115064,140.029035,0,3,5.3985442083187545,9.23784081454465,9.573502645043058,5.529750602890263,7.508,12.533333333333333,11.571,20.816666666666666,11.455,18.15,7.531,14.183333333333334
253,8,錧,8220,Ύs,82200198003,΃PO,36.112252,140.030628,0,3,5.422289583440028,9.028210811425055,9.230122956137416,5.223981785656831,8.285,15.45,12.316,24.283333333333335,11.557,20.133333333333333,7.633,16.066666666666666
254,8,錧,8220,Ύs,82200198004,΃Pl,36.111981,140.022837,0,3,6.051147995479441,9.709467480463688,9.526141942199315,5.780585230839809,8.248,14.416666666666666,12.706,23.65,11.559,19.216666666666665,8.024,15.433333333333334
255,8,錧,8220,Ύs,82200199000,쒆,36.03332,140.1135,0,1,11.838846472674144,6.999442572241545,3.530691706240861,6.49458984384116,14.897,26.083333333333332,9.447,19.8,5.01,9.75,9.232,17.416666666666668
256,8,錧,8220,Ύs,82200200000,,36.167183,140.062751,0,1,3.792293224170488,9.950745049288503,14.471509106286575,9.353351176474387,5.576,10.35,12.574,22.65,16.914,29.25,12.983,23.083333333333332
257,8,錧,8220,Ύs,82200201000,Ku,36.066784,140.073823,0,1,7.832487346807791,5.85921298073705,3.292457137666484,1.8897881826933736,10.085,18.4,7.224,16.966666666666665,3.857,6.683333333333334,2.377,6.5
258,8,錧,8220,Ύs,82200202000,_,35.98717,140.134047,0,1,17.261911720803337,11.995473284865225,7.70926412544984,11.887644383986837,19.964,33.86666666666667,15.035,27.5,8.493,15.15,13.718,25.1
259,8,錧,8220,Ύs,82200203000,X̗,35.990817,140.109938,0,1,16.408700647827953,11.703241687720983,6.044875587180976,10.727544717840798,19.084,33.516666666666666,15.399,28.416666666666668,7.682,14.316666666666666,12.908,24.266666666666666
260,8,錧,8220,Ύs,82200204000,,36.059552,140.077374,0,1,8.608038866934427,6.08089075380547,2.501723720443993,2.674956801907273,9.927,17.733333333333334,7.343,17.05,3.232,5.833333333333333,3.471,8.35
261,8,錧,8220,Ύs,82200205000,R,36.161626,140.077749,0,1,2.764881060037938,8.680478615878204,13.81838196693294,8.652459040974428,3.727,8.083333333333334,10.725,20.383333333333333,16.465,29.733333333333334,10.772,21.15
262,8,錧,8220,Ύs,82200206000,R,36.173133,140.119873,0,1,5.228663110313407,8.684992642864044,15.633089561182569,10.661993115526437,8.073,16.083333333333332,13.322,23.833333333333332,20.649,37.38333333333333,14.956,28.816666666666666
263,8,錧,8220,Ύs,82200207000,R,36.063733,140.084066,0,1,8.132602947748868,5.321342869561383,3.0737741719728784,2.307572657056949,9.296,16.733333333333334,6.542,15.333333333333334,3.872,8.216666666666667,3.12,7.483333333333333
264,8,錧,8220,Ύs,82200208000,,36.103683,140.144322,0,1,6.67840366193094,1.6962925496333108,9.69523055815794,6.481953871078531,7.889,14.883333333333333,2.803,6.516666666666667,11.376,21.9,8.325,18.066666666666666
265,8,錧,8220,Ύs,82200209000,Zl,35.998079,140.105071,0,1,15.549278429292066,10.982875524823829,5.12903678847015,9.83327940855505,17.242,30.466666666666665,14.73,28.516666666666666,5.839,11.283333333333333,11.065,21.216666666666665
266,8,錧,8220,Ύs,82200210000,I,36.01448,140.100286,0,1,13.690054807669483,9.31315025497101,3.415881607258161,7.964049177388056,15.437,27.683333333333334,12.271,25.8,4.035,8.5,9.261,18.433333333333334
267,8,錧,8220,Ύs,82200211000,t,36.020755,140.103238,0,1,13.034128000791105,8.570833219243342,3.1555004693914643,7.377194639494934,15.376,28.083333333333332,10.963,23.25,3.898,9.066666666666666,9.124,19.016666666666666
268,8,錧,8220,Ύs,82200212000,X,36.148252,140.086323,0,1,1.2921535080751494,7.014020273099048,12.376555762075807,7.220019585679287,1.932,4.766666666666667,7.805,15.1,14.508,26.066666666666666,8.815,17.5
269,8,錧,8220,Ύs,82200213000,a,36.158488,140.057288,0,1,3.2935519500740953,9.519154021397721,13.557256540925604,8.485822822014859,4.985,9.016666666666667,11.983,21.316666666666666,15.62,25.816666666666666,11.69,19.65
270,8,錧,8220,Ύs,82200214000,a䌴,36.164203,140.05051,0,1,4.173376595286047,10.39873973091136,14.267362075983572,9.243840731602244,5.446,9.3,12.443,21.6,16.683,25.033333333333335,12.02,19.716666666666665
271,8,錧,8220,Ύs,82200215000,Jc,36.026408,140.078901,0,1,12.277450642722425,8.851162642588788,1.249921478845484,6.355007203023851,14.129,25.366666666666667,10.962,23.466666666666665,1.791,4.433333333333334,7.295,15.266666666666667
272,8,錧,8220,Ύs,82200216000,ԓVc,36.031344,140.050798,0,1,12.069160305081365,9.96957773613861,2.2391343201805234,6.256138194830952,16.085,25.366666666666667,11.676,25.816666666666666,2.459,5.4,8.278,15.95
273,8,錧,8220,Ύs,82200217000,쌴,36.125164,140.072734,0,1,1.584532485688468,6.034922083084125,9.771047221072134,4.619954360736108,2.138,4.95,8.391,16.65,11.546,21.716666666666665,5.853,13.15
274,8,錧,8220,Ύs,82200170001,Ԕ꒚,36.127932,140.088511,0,3,1.141628658275757,5.125322880782682,10.154290676177288,5.026821463921789,1.496,3.566666666666667,6.502,13.2,13.143,21.5,8.134,16.55
275,8,錧,8220,Ύs,82200134003,}O,36.129742,140.079725,0,3,0.8462860521744134,5.840663451374606,10.28792120003291,5.121254843557486,1.007,4.0,7.807,16.166666666666668,12.519,23.066666666666666,6.825,14.5
276,8,錧,8220,Ύs,82200218000,Гc,36.021354,140.049841,0,1,13.167752789655887,10.84204551386219,2.8356784064263714,7.324383738627481,17.382,28.116666666666667,12.973,28.566666666666666,3.756,8.15,9.575,18.7
277,8,錧,8220,Ύs,82200219001,݂ǂ̈꒚,36.02831,140.053973,0,3,12.333646814524569,10.017290060410057,2.100620377564224,6.4735585539776395,16.477,26.65,11.746,26.9,2.53,6.483333333333333,8.444,17.016666666666666
278,8,錧,8220,Ύs,82200220000,݂ǂ̒,36.025547,140.060105,0,1,12.532771234131612,9.892522154639138,1.831981502545439,6.618766242264942,17.119,28.533333333333335,11.8,27.183333333333334,2.773,6.766666666666667,8.512,17.416666666666668
279,8,錧,8220,Ύs,82200219002,݂ǂ̓񒚖,36.035117,140.052655,0,3,11.622955740983839,9.555877130817729,1.9905255188270528,5.805274467031699,15.631,24.5,12.377,26.233333333333334,2.541,6.133333333333334,7.834,14.966666666666667
280,8,錧,8220,Ύs,82200221000,㊞,36.033382,140.058215,0,1,11.706298043094007,9.344004312968872,1.5341144432648552,5.821654828837248,15.029,25.316666666666666,10.979,24.566666666666666,1.762,4.166666666666667,7.582,14.716666666666667
281,8,錧,8220,Ύs,82200222000,,36.02946,140.062727,0,1,12.067266399569887,9.406178898729294,1.3667124086167142,6.143831041695096,15.081,24.916666666666668,11.031,24.166666666666668,1.814,3.75,7.633,14.316666666666666
282,8,錧,8220,Ύs,82200223000,Ê,36.013298,140.073828,0,1,13.750204226914928,10.342814484529393,2.6440131381019296,7.810930044100184,16.361,29.6,18.688,25.466666666666665,3.484,8.366666666666667,9.195,19.0
283,8,錧,8220,Ύs,82200224000,,36.008394,140.071888,0,1,14.30416876346137,10.904953773072007,3.1966201163810095,8.362051041535887,16.389,28.95,18.717,24.833333333333332,4.443,8.8,10.154,19.45
284,8,錧,8220,Ύs,82200225000,݂ǂ̓,36.012737,140.068123,0,1,13.851102896982713,10.65141130408756,2.7676874046906907,7.90680563798686,16.747,29.183333333333334,19.075,25.066666666666666,3.555,7.333333333333333,9.267,17.983333333333334
285,8,錧,8220,Ύs,82200226000,݂ǂ̓,36.015604,140.051991,0,1,13.750270672560404,11.21163783128497,3.138953388208551,7.872384685256159,18.234,30.833333333333332,13.47,30.316666666666666,4.253,9.9,10.168,20.433333333333334
286,8,錧,8220,Ύs,82200227000,IR,36.020304,140.057604,0,1,13.143895052633964,10.489441062938651,2.414245510737018,7.236954108214078,17.554,29.5,12.79,29.0,3.573,8.583333333333334,9.488,19.116666666666667
287,8,錧,8220,Ύs,82200228000,g,36.140852,140.010249,0,1,6.5217863798357305,11.803420497123872,12.88726004345566,8.722833840329226,7.189,14.2,14.9,26.166666666666668,15.451,24.833333333333332,11.476,20.133333333333333
288,8,錧,8220,Ύs,82200229000,@,36.125487,140.081094,0,1,1.2859311446110808,5.444794059377887,9.822845038593943,4.658671591607557,2.633,5.35,7.064,14.166666666666666,12.401,23.1,6.708,14.533333333333333
289,8,錧,8220,Ύs,82200230000,v,36.113184,140.083886,0,1,2.6470643920830215,4.499170744063644,8.48159173776676,3.339882362525563,4.515,7.6,6.06,12.75,10.848,18.016666666666666,5.394,12.066666666666666
290,8,錧,8220,Ύs,82200141002,񒚖,36.100496,140.065591,0,3,4.330453748138723,5.710048528349846,7.079123851079715,2.1202031095222154,5.953,11.283333333333333,8.368,17.85,8.002,14.166666666666666,3.414,7.85
291,8,錧,8220,Ύs,82200231000,͌,36.067378,140.044421,0,1,8.45563883195979,8.191073921621527,4.320865974675662,3.423487249409301,12.036,19.3,9.799,22.116666666666667,5.643,10.583333333333334,4.69,10.866666666666667
292,8,錧,8220,Ύs,82200232000,,36.117156,140.057775,0,1,3.1355340185583835,6.832389542880348,9.009460801137985,4.0898333713719595,3.835,7.5,9.129,17.05,10.409,18.066666666666666,5.821,11.75
293,8,錧,8220,Ύs,82200233000,,36.099682,140.072236,0,1,4.245426179055928,5.105630584642792,6.945361817960022,1.8236075642490253,6.162,10.866666666666667,7.041,15.583333333333334,9.585,16.583333333333332,2.506,8.4
294,8,錧,8220,Ύs,82200234000,,36.104534,140.063642,0,1,3.986086805380308,5.946085305199423,7.545364549046309,2.5986524360435372,5.172,9.383333333333333,7.587,15.933333333333334,8.429,14.733333333333333,3.841,8.416666666666666
295,8,錧,8220,Ύs,82200235000,,36.097668,140.058749,0,1,4.863688222252791,6.301851969593972,6.868758187472593,2.243777695810978,6.145,11.866666666666667,8.807,18.666666666666668,8.291,14.85,3.703,8.533333333333333
296,8,錧,8220,Ύs,82200236000,͌艺͌n,36.072624,140.038812,0,1,8.158654747925139,8.47098331279511,5.0912993610278505,3.6263076800390843,10.783,16.283333333333335,10.017,19.666666666666668,6.906,12.066666666666666,4.399,8.216666666666667
297,8,錧,8220,Ύs,82200237000,͌茳{{,36.075704,140.036447,0,1,7.969881571032571,8.58215052343696,5.490930212737892,3.7322425834483446,11.127,17.566666666666666,10.36,20.816666666666666,6.813,12.583333333333334,4.742,9.366666666666667
298,8,錧,8220,Ύs,82200238000,͌,36.079024,140.03917,0,1,7.527678486070559,8.25710360110038,5.640332769424765,3.41997109407994,10.085,15.216666666666667,10.4,20.05,6.853,11.616666666666667,4.782,8.583333333333334
299,8,錧,8220,Ύs,82200999999,t,36.11607654,140.1242679,0,1,4.415686213217903,2.351327248600037,9.837272235162317,5.593283631625153,5.497,11.566666666666666,3.405,8.0,12.075,25.166666666666668,7.008,17.566666666666666
300,8,錧,8220,Ύs,82200999999,,36.10486097,140.122227,0,1,5.0483403257429,1.2197145787008914,8.654808740389482,4.726620059418422,5.796,11.566666666666666,1.804,4.133333333333334,10.474,21.316666666666666,7.098,16.3
301,8,錧,8220,Ύs,82200999999,̐X,36.10712738,140.1256766,0,1,5.105759673680967,1.3517888676633512,9.028389935095603,5.1215826739734185,5.839,11.8,2.072,4.516666666666667,10.741,21.683333333333334,7.366,16.683333333333334
